-- Seed: schools, visas, homeschool_laws
-- Run AFTER migrate-schools-visas-laws.sql

BEGIN;

-- SCHOOLS (15)
INSERT INTO schools (id, name, city_slug, type, curriculum, age_range, monthly_fee, languages, rating, family_reviews, website, description, tags) VALUES ('s1', 'St. Julian''s School', 'lisbon', 'International', 'British', '3-18', 800, '{"English","Portuguese"}', 4.5, 42, 'https://stjulians.com', 'One of the oldest international schools in Portugal. Strong British curriculum with IB diploma option in senior years.', '{"established","IB option","sports"}') ON CONFLICT (id) DO UPDATE SET name=EXCLUDED.name, city_slug=EXCLUDED.city_slug, type=EXCLUDED.type, curriculum=EXCLUDED.curriculum, age_range=EXCLUDED.age_range, monthly_fee=EXCLUDED.monthly_fee, languages=EXCLUDED.languages, rating=EXCLUDED.rating, family_reviews=EXCLUDED.family_reviews, website=EXCLUDED.website, description=EXCLUDED.description, tags=EXCLUDED.tags;
INSERT INTO schools (id, name, city_slug, type, curriculum, age_range, monthly_fee, languages, rating, family_reviews, website, description, tags) VALUES ('s2', 'Carlucci American International School', 'lisbon', 'International', 'American', '3-18', 900, '{"English"}', 4.3, 35, 'https://caislisbon.org', 'American curriculum school with AP courses. Strong arts and athletics programs. Diverse international student body.', '{"AP courses","diverse","arts"}') ON CONFLICT (id) DO UPDATE SET name=EXCLUDED.name, city_slug=EXCLUDED.city_slug, type=EXCLUDED.type, curriculum=EXCLUDED.curriculum, age_range=EXCLUDED.age_range, monthly_fee=EXCLUDED.monthly_fee, languages=EXCLUDED.languages, rating=EXCLUDED.rating, family_reviews=EXCLUDED.family_reviews, website=EXCLUDED.website, description=EXCLUDED.description, tags=EXCLUDED.tags;
INSERT INTO schools (id, name, city_slug, type, curriculum, age_range, monthly_fee, languages, rating, family_reviews, website, description, tags) VALUES ('s3', 'Green School Bali', 'bali-canggu', 'International', 'IB', '3-18', 1200, '{"English"}', 4.7, 68, 'https://greenschool.org', 'World-famous bamboo campus school focused on sustainability and entrepreneurship. The school that put Bali on the map for families.', '{"sustainability","bamboo campus","entrepreneurship","nature"}') ON CONFLICT (id) DO UPDATE SET name=EXCLUDED.name, city_slug=EXCLUDED.city_slug, type=EXCLUDED.type, curriculum=EXCLUDED.curriculum, age_range=EXCLUDED.age_range, monthly_fee=EXCLUDED.monthly_fee, languages=EXCLUDED.languages, rating=EXCLUDED.rating, family_reviews=EXCLUDED.family_reviews, website=EXCLUDED.website, description=EXCLUDED.description, tags=EXCLUDED.tags;
INSERT INTO schools (id, name, city_slug, type, curriculum, age_range, monthly_fee, languages, rating, family_reviews, website, description, tags) VALUES ('s4', 'Bali Island School', 'bali-canggu', 'International', 'IB', '2-18', 700, '{"English","Indonesian"}', 4.2, 28, 'https://baliislandschool.com', 'IB World School with a strong community feel. More affordable than Green School with excellent academic results.', '{"IB","community","affordable"}') ON CONFLICT (id) DO UPDATE SET name=EXCLUDED.name, city_slug=EXCLUDED.city_slug, type=EXCLUDED.type, curriculum=EXCLUDED.curriculum, age_range=EXCLUDED.age_range, monthly_fee=EXCLUDED.monthly_fee, languages=EXCLUDED.languages, rating=EXCLUDED.rating, family_reviews=EXCLUDED.family_reviews, website=EXCLUDED.website, description=EXCLUDED.description, tags=EXCLUDED.tags;
INSERT INTO schools (id, name, city_slug, type, curriculum, age_range, monthly_fee, languages, rating, family_reviews, website, description, tags) VALUES ('s5', 'Prem Tinsulanonda International School', 'chiang-mai', 'International', 'IB', '3-18', 500, '{"English","Thai"}', 4.4, 31, 'https://ptis.ac.th', 'Full IB school set on a stunning mountain campus. Boarding and day options. Strong outdoor education program.', '{"IB","boarding","mountain campus","outdoor education"}') ON CONFLICT (id) DO UPDATE SET name=EXCLUDED.name, city_slug=EXCLUDED.city_slug, type=EXCLUDED.type, curriculum=EXCLUDED.curriculum, age_range=EXCLUDED.age_range, monthly_fee=EXCLUDED.monthly_fee, languages=EXCLUDED.languages, rating=EXCLUDED.rating, family_reviews=EXCLUDED.family_reviews, website=EXCLUDED.website, description=EXCLUDED.description, tags=EXCLUDED.tags;
INSERT INTO schools (id, name, city_slug, type, curriculum, age_range, monthly_fee, languages, rating, family_reviews, website, description, tags) VALUES ('s6', 'CMIS (Chiang Mai International School)', 'chiang-mai', 'International', 'American', '2-18', 400, '{"English"}', 4.1, 24, 'https://cmis.ac.th', 'American-style curriculum in a nurturing environment. Popular with expat families for its welcoming community and reasonable fees.', '{"American","welcoming","affordable"}') ON CONFLICT (id) DO UPDATE SET name=EXCLUDED.name, city_slug=EXCLUDED.city_slug, type=EXCLUDED.type, curriculum=EXCLUDED.curriculum, age_range=EXCLUDED.age_range, monthly_fee=EXCLUDED.monthly_fee, languages=EXCLUDED.languages, rating=EXCLUDED.rating, family_reviews=EXCLUDED.family_reviews, website=EXCLUDED.website, description=EXCLUDED.description, tags=EXCLUDED.tags;
INSERT INTO schools (id, name, city_slug, type, curriculum, age_range, monthly_fee, languages, rating, family_reviews, website, description, tags) VALUES ('s7', 'The British School of Valencia', 'valencia', 'International', 'British', '3-18', 650, '{"English","Spanish"}', 4.3, 38, 'https://bsvalencia.com', 'British curriculum with strong bilingual program. Excellent sports facilities and a well-connected parent community.', '{"British","bilingual","sports"}') ON CONFLICT (id) DO UPDATE SET name=EXCLUDED.name, city_slug=EXCLUDED.city_slug, type=EXCLUDED.type, curriculum=EXCLUDED.curriculum, age_range=EXCLUDED.age_range, monthly_fee=EXCLUDED.monthly_fee, languages=EXCLUDED.languages, rating=EXCLUDED.rating, family_reviews=EXCLUDED.family_reviews, website=EXCLUDED.website, description=EXCLUDED.description, tags=EXCLUDED.tags;
INSERT INTO schools (id, name, city_slug, type, curriculum, age_range, monthly_fee, languages, rating, family_reviews, website, description, tags) VALUES ('s8', 'Caxton College', 'valencia', 'International', 'British', '2-18', 600, '{"English","Spanish","Valencian"}', 4.5, 45, 'https://caxtoncollege.com', 'One of Spain''s top-rated British schools. Trilingual environment with outstanding university placement record.', '{"trilingual","top-rated","university prep"}') ON CONFLICT (id) DO UPDATE SET name=EXCLUDED.name, city_slug=EXCLUDED.city_slug, type=EXCLUDED.type, curriculum=EXCLUDED.curriculum, age_range=EXCLUDED.age_range, monthly_fee=EXCLUDED.monthly_fee, languages=EXCLUDED.languages, rating=EXCLUDED.rating, family_reviews=EXCLUDED.family_reviews, website=EXCLUDED.website, description=EXCLUDED.description, tags=EXCLUDED.tags;
INSERT INTO schools (id, name, city_slug, type, curriculum, age_range, monthly_fee, languages, rating, family_reviews, website, description, tags) VALUES ('s9', 'Colegio Columbus School', 'medellin', 'International', 'American', '3-18', 500, '{"English","Spanish"}', 4.2, 22, 'https://columbus.edu.co', 'American curriculum school with full bilingual program. Strong STEM focus and active parent community.', '{"bilingual","STEM","American"}') ON CONFLICT (id) DO UPDATE SET name=EXCLUDED.name, city_slug=EXCLUDED.city_slug, type=EXCLUDED.type, curriculum=EXCLUDED.curriculum, age_range=EXCLUDED.age_range, monthly_fee=EXCLUDED.monthly_fee, languages=EXCLUDED.languages, rating=EXCLUDED.rating, family_reviews=EXCLUDED.family_reviews, website=EXCLUDED.website, description=EXCLUDED.description, tags=EXCLUDED.tags;
INSERT INTO schools (id, name, city_slug, type, curriculum, age_range, monthly_fee, languages, rating, family_reviews, website, description, tags) VALUES ('s10', 'American International School of Cape Town', 'cape-town', 'International', 'American', '3-18', 600, '{"English"}', 4.3, 26, 'https://aisct.org', 'AP and IB options in a diverse, globally-minded environment. Beautiful campus with mountain views.', '{"AP","IB option","diverse","mountain views"}') ON CONFLICT (id) DO UPDATE SET name=EXCLUDED.name, city_slug=EXCLUDED.city_slug, type=EXCLUDED.type, curriculum=EXCLUDED.curriculum, age_range=EXCLUDED.age_range, monthly_fee=EXCLUDED.monthly_fee, languages=EXCLUDED.languages, rating=EXCLUDED.rating, family_reviews=EXCLUDED.family_reviews, website=EXCLUDED.website, description=EXCLUDED.description, tags=EXCLUDED.tags;
INSERT INTO schools (id, name, city_slug, type, curriculum, age_range, monthly_fee, languages, rating, family_reviews, website, description, tags) VALUES ('s11', 'Budapest British International School', 'budapest', 'International', 'British', '3-18', 550, '{"English","Hungarian"}', 4.1, 19, 'https://bbis.hu', 'Well-established British school with strong pastoral care. Central location and active after-school program.', '{"British","central","pastoral care"}') ON CONFLICT (id) DO UPDATE SET name=EXCLUDED.name, city_slug=EXCLUDED.city_slug, type=EXCLUDED.type, curriculum=EXCLUDED.curriculum, age_range=EXCLUDED.age_range, monthly_fee=EXCLUDED.monthly_fee, languages=EXCLUDED.languages, rating=EXCLUDED.rating, family_reviews=EXCLUDED.family_reviews, website=EXCLUDED.website, description=EXCLUDED.description, tags=EXCLUDED.tags;
INSERT INTO schools (id, name, city_slug, type, curriculum, age_range, monthly_fee, languages, rating, family_reviews, website, description, tags) VALUES ('s12', 'Dalat International School', 'penang', 'International', 'American', '3-18', 450, '{"English"}', 4.4, 33, 'https://dalat.org', 'Top-rated international school in Penang with American curriculum. Hillside campus with excellent facilities.', '{"American","top-rated","hillside campus"}') ON CONFLICT (id) DO UPDATE SET name=EXCLUDED.name, city_slug=EXCLUDED.city_slug, type=EXCLUDED.type, curriculum=EXCLUDED.curriculum, age_range=EXCLUDED.age_range, monthly_fee=EXCLUDED.monthly_fee, languages=EXCLUDED.languages, rating=EXCLUDED.rating, family_reviews=EXCLUDED.family_reviews, website=EXCLUDED.website, description=EXCLUDED.description, tags=EXCLUDED.tags;
INSERT INTO schools (id, name, city_slug, type, curriculum, age_range, monthly_fee, languages, rating, family_reviews, website, description, tags) VALUES ('s13', 'The British College of Málaga', 'malaga', 'International', 'British', '3-18', 550, '{"English","Spanish"}', 4.2, 27, 'https://bcmalaga.com', 'British curriculum on the Costa del Sol. Small class sizes, strong arts program, and a tight-knit family community.', '{"British","small classes","arts"}') ON CONFLICT (id) DO UPDATE SET name=EXCLUDED.name, city_slug=EXCLUDED.city_slug, type=EXCLUDED.type, curriculum=EXCLUDED.curriculum, age_range=EXCLUDED.age_range, monthly_fee=EXCLUDED.monthly_fee, languages=EXCLUDED.languages, rating=EXCLUDED.rating, family_reviews=EXCLUDED.family_reviews, website=EXCLUDED.website, description=EXCLUDED.description, tags=EXCLUDED.tags;
INSERT INTO schools (id, name, city_slug, type, curriculum, age_range, monthly_fee, languages, rating, family_reviews, website, description, tags) VALUES ('s14', 'Canterbury School Las Palmas', 'las-palmas', 'International', 'British', '3-18', 500, '{"English","Spanish"}', 4, 18, 'https://canterburyschool.es', 'British school serving the international community in Gran Canaria. Good balance of academics and island lifestyle.', '{"British","island life","bilingual"}') ON CONFLICT (id) DO UPDATE SET name=EXCLUDED.name, city_slug=EXCLUDED.city_slug, type=EXCLUDED.type, curriculum=EXCLUDED.curriculum, age_range=EXCLUDED.age_range, monthly_fee=EXCLUDED.monthly_fee, languages=EXCLUDED.languages, rating=EXCLUDED.rating, family_reviews=EXCLUDED.family_reviews, website=EXCLUDED.website, description=EXCLUDED.description, tags=EXCLUDED.tags;
INSERT INTO schools (id, name, city_slug, type, curriculum, age_range, monthly_fee, languages, rating, family_reviews, website, description, tags) VALUES ('s15', 'Kyoto International School', 'kyoto', 'International', 'IB', '3-11', 850, '{"English","Japanese"}', 4.3, 15, 'https://kis.ac.jp', 'Small, nurturing IB Primary Years Programme school. Deeply integrated with Japanese culture while maintaining international standards.', '{"IB PYP","small","cultural immersion"}') ON CONFLICT (id) DO UPDATE SET name=EXCLUDED.name, city_slug=EXCLUDED.city_slug, type=EXCLUDED.type, curriculum=EXCLUDED.curriculum, age_range=EXCLUDED.age_range, monthly_fee=EXCLUDED.monthly_fee, languages=EXCLUDED.languages, rating=EXCLUDED.rating, family_reviews=EXCLUDED.family_reviews, website=EXCLUDED.website, description=EXCLUDED.description, tags=EXCLUDED.tags;

-- VISAS (15)
INSERT INTO visas (id, country, country_code, visa_name, type, duration_days, renewable, family_friendly, cost_eur, processing_days, income_requirement, requirements, notes, best_for, city_slugs) VALUES ('v1', 'Portugal', 'PT', 'D7 Passive Income Visa', 'Residency', 365, true, true, 90, 60, 760, '{"Proof of passive income","Clean criminal record","Health insurance","Portuguese NIF"}', 'One of Europe''s most popular family visa routes. Leads to permanent residency after 5 years. Income requirement is per adult — add 50% for spouse, 30% per child.', 'Families with remote income or investments wanting a European base', '{"lisbon","porto"}') ON CONFLICT (id) DO UPDATE SET country=EXCLUDED.country, country_code=EXCLUDED.country_code, visa_name=EXCLUDED.visa_name, type=EXCLUDED.type, duration_days=EXCLUDED.duration_days, renewable=EXCLUDED.renewable, family_friendly=EXCLUDED.family_friendly, cost_eur=EXCLUDED.cost_eur, processing_days=EXCLUDED.processing_days, income_requirement=EXCLUDED.income_requirement, requirements=EXCLUDED.requirements, notes=EXCLUDED.notes, best_for=EXCLUDED.best_for, city_slugs=EXCLUDED.city_slugs;
INSERT INTO visas (id, country, country_code, visa_name, type, duration_days, renewable, family_friendly, cost_eur, processing_days, income_requirement, requirements, notes, best_for, city_slugs) VALUES ('v2', 'Portugal', 'PT', 'Digital Nomad Visa (D8)', 'Digital Nomad', 365, true, true, 75, 30, 3040, '{"Employment contract or freelance income proof","Income 4x Portuguese minimum wage","Health insurance"}', 'Newer visa option for remote workers. Higher income requirement than D7 but faster processing. Includes dependents.', 'Remote workers earning above €3K/month who want EU residency path', '{"lisbon","porto"}') ON CONFLICT (id) DO UPDATE SET country=EXCLUDED.country, country_code=EXCLUDED.country_code, visa_name=EXCLUDED.visa_name, type=EXCLUDED.type, duration_days=EXCLUDED.duration_days, renewable=EXCLUDED.renewable, family_friendly=EXCLUDED.family_friendly, cost_eur=EXCLUDED.cost_eur, processing_days=EXCLUDED.processing_days, income_requirement=EXCLUDED.income_requirement, requirements=EXCLUDED.requirements, notes=EXCLUDED.notes, best_for=EXCLUDED.best_for, city_slugs=EXCLUDED.city_slugs;
INSERT INTO visas (id, country, country_code, visa_name, type, duration_days, renewable, family_friendly, cost_eur, processing_days, income_requirement, requirements, notes, best_for, city_slugs) VALUES ('v3', 'Spain', 'ES', 'Digital Nomad Visa (Ley de Startups)', 'Digital Nomad', 365, true, true, 80, 20, 2520, '{"Remote work for non-Spanish company","No more than 20% income from Spanish clients","Health insurance","Clean criminal record"}', 'Spain''s new nomad visa launched 2023. Favorable tax regime (15% flat) for first 4 years. Family members included.', 'Families wanting Mediterranean lifestyle with tax advantages', '{"valencia","malaga","las-palmas"}') ON CONFLICT (id) DO UPDATE SET country=EXCLUDED.country, country_code=EXCLUDED.country_code, visa_name=EXCLUDED.visa_name, type=EXCLUDED.type, duration_days=EXCLUDED.duration_days, renewable=EXCLUDED.renewable, family_friendly=EXCLUDED.family_friendly, cost_eur=EXCLUDED.cost_eur, processing_days=EXCLUDED.processing_days, income_requirement=EXCLUDED.income_requirement, requirements=EXCLUDED.requirements, notes=EXCLUDED.notes, best_for=EXCLUDED.best_for, city_slugs=EXCLUDED.city_slugs;
INSERT INTO visas (id, country, country_code, visa_name, type, duration_days, renewable, family_friendly, cost_eur, processing_days, income_requirement, requirements, notes, best_for, city_slugs) VALUES ('v4', 'Spain', 'ES', 'Non-Lucrative Visa', 'Residency', 365, true, true, 80, 45, 2400, '{"Sufficient funds (€28K/year minimum)","No work for Spanish companies","Health insurance","Clean criminal record"}', 'Traditional route for families with savings or passive income. Cannot work for Spanish employers but remote work for foreign companies is a grey area.', 'Families with savings or passive income seeking Spanish residency', '{"valencia","malaga","las-palmas"}') ON CONFLICT (id) DO UPDATE SET country=EXCLUDED.country, country_code=EXCLUDED.country_code, visa_name=EXCLUDED.visa_name, type=EXCLUDED.type, duration_days=EXCLUDED.duration_days, renewable=EXCLUDED.renewable, family_friendly=EXCLUDED.family_friendly, cost_eur=EXCLUDED.cost_eur, processing_days=EXCLUDED.processing_days, income_requirement=EXCLUDED.income_requirement, requirements=EXCLUDED.requirements, notes=EXCLUDED.notes, best_for=EXCLUDED.best_for, city_slugs=EXCLUDED.city_slugs;
INSERT INTO visas (id, country, country_code, visa_name, type, duration_days, renewable, family_friendly, cost_eur, processing_days, income_requirement, requirements, notes, best_for, city_slugs) VALUES ('v5', 'Georgia', 'GE', 'Visa-Free Entry', 'Tourist', 365, false, true, 0, 0, 0, '{"Valid passport from eligible country"}', 'Georgia offers visa-free stays of up to 1 year for citizens of 95+ countries. No income proof, no application. Simply arrive. One of the easiest countries in the world for families.', 'Families wanting a low-cost, zero-bureaucracy base for up to a year', '{"tbilisi"}') ON CONFLICT (id) DO UPDATE SET country=EXCLUDED.country, country_code=EXCLUDED.country_code, visa_name=EXCLUDED.visa_name, type=EXCLUDED.type, duration_days=EXCLUDED.duration_days, renewable=EXCLUDED.renewable, family_friendly=EXCLUDED.family_friendly, cost_eur=EXCLUDED.cost_eur, processing_days=EXCLUDED.processing_days, income_requirement=EXCLUDED.income_requirement, requirements=EXCLUDED.requirements, notes=EXCLUDED.notes, best_for=EXCLUDED.best_for, city_slugs=EXCLUDED.city_slugs;
INSERT INTO visas (id, country, country_code, visa_name, type, duration_days, renewable, family_friendly, cost_eur, processing_days, income_requirement, requirements, notes, best_for, city_slugs) VALUES ('v6', 'Thailand', 'TH', 'Long-Term Resident Visa (LTR)', 'Digital Nomad', 1825, true, true, 45, 20, 6700, '{"$80K/year income or $250K+ assets","Health insurance","Clean criminal record"}', 'Thailand''s premium 5-year visa for remote workers and wealthy families. 17% flat income tax. Includes dependents and fast-track immigration.', 'Higher-income families wanting long-term SE Asia base', '{"chiang-mai"}') ON CONFLICT (id) DO UPDATE SET country=EXCLUDED.country, country_code=EXCLUDED.country_code, visa_name=EXCLUDED.visa_name, type=EXCLUDED.type, duration_days=EXCLUDED.duration_days, renewable=EXCLUDED.renewable, family_friendly=EXCLUDED.family_friendly, cost_eur=EXCLUDED.cost_eur, processing_days=EXCLUDED.processing_days, income_requirement=EXCLUDED.income_requirement, requirements=EXCLUDED.requirements, notes=EXCLUDED.notes, best_for=EXCLUDED.best_for, city_slugs=EXCLUDED.city_slugs;
INSERT INTO visas (id, country, country_code, visa_name, type, duration_days, renewable, family_friendly, cost_eur, processing_days, income_requirement, requirements, notes, best_for, city_slugs) VALUES ('v7', 'Thailand', 'TH', 'Education Visa (ED)', 'Student', 365, true, true, 70, 14, 0, '{"Enrollment in Thai language school or university","Proof of enrollment"}', 'Common route for families: enroll parent in language school, children get dependent visas. Affordable and straightforward.', 'Families on a budget wanting to stay in Thailand long-term', '{"chiang-mai"}') ON CONFLICT (id) DO UPDATE SET country=EXCLUDED.country, country_code=EXCLUDED.country_code, visa_name=EXCLUDED.visa_name, type=EXCLUDED.type, duration_days=EXCLUDED.duration_days, renewable=EXCLUDED.renewable, family_friendly=EXCLUDED.family_friendly, cost_eur=EXCLUDED.cost_eur, processing_days=EXCLUDED.processing_days, income_requirement=EXCLUDED.income_requirement, requirements=EXCLUDED.requirements, notes=EXCLUDED.notes, best_for=EXCLUDED.best_for, city_slugs=EXCLUDED.city_slugs;
INSERT INTO visas (id, country, country_code, visa_name, type, duration_days, renewable, family_friendly, cost_eur, processing_days, income_requirement, requirements, notes, best_for, city_slugs) VALUES ('v8', 'Indonesia', 'ID', 'B211A Remote Worker Visa', 'Digital Nomad', 180, true, true, 300, 7, 2000, '{"Proof of remote employment","Health insurance","Return ticket or onward travel"}', 'Bali''s digital nomad visa. 6 months, extendable to 1 year. Process through a visa agent in Bali for smoothest experience.', 'Families wanting a semester or year in Bali', '{"bali-canggu"}') ON CONFLICT (id) DO UPDATE SET country=EXCLUDED.country, country_code=EXCLUDED.country_code, visa_name=EXCLUDED.visa_name, type=EXCLUDED.type, duration_days=EXCLUDED.duration_days, renewable=EXCLUDED.renewable, family_friendly=EXCLUDED.family_friendly, cost_eur=EXCLUDED.cost_eur, processing_days=EXCLUDED.processing_days, income_requirement=EXCLUDED.income_requirement, requirements=EXCLUDED.requirements, notes=EXCLUDED.notes, best_for=EXCLUDED.best_for, city_slugs=EXCLUDED.city_slugs;
INSERT INTO visas (id, country, country_code, visa_name, type, duration_days, renewable, family_friendly, cost_eur, processing_days, income_requirement, requirements, notes, best_for, city_slugs) VALUES ('v9', 'Colombia', 'CO', 'Digital Nomad Visa (V-Nómada Digital)', 'Digital Nomad', 730, false, true, 50, 15, 690, '{"Remote work contract or freelance proof","Income 3x Colombian minimum wage","Health insurance"}', 'Colombia''s 2-year nomad visa is one of the best value options in Latin America. Very low income threshold. Includes dependents.', 'Families on moderate income wanting a Latin American base', '{"medellin","bogota"}') ON CONFLICT (id) DO UPDATE SET country=EXCLUDED.country, country_code=EXCLUDED.country_code, visa_name=EXCLUDED.visa_name, type=EXCLUDED.type, duration_days=EXCLUDED.duration_days, renewable=EXCLUDED.renewable, family_friendly=EXCLUDED.family_friendly, cost_eur=EXCLUDED.cost_eur, processing_days=EXCLUDED.processing_days, income_requirement=EXCLUDED.income_requirement, requirements=EXCLUDED.requirements, notes=EXCLUDED.notes, best_for=EXCLUDED.best_for, city_slugs=EXCLUDED.city_slugs;
INSERT INTO visas (id, country, country_code, visa_name, type, duration_days, renewable, family_friendly, cost_eur, processing_days, income_requirement, requirements, notes, best_for, city_slugs) VALUES ('v10', 'Mexico', 'MX', 'Temporary Resident Visa', 'Residency', 1460, false, true, 35, 20, 2100, '{"Proof of income or savings","Bank statements (6 months)","Clean criminal record"}', '4-year temporary residency with no work restrictions. Can also qualify through savings ($31K+). Tourist visa (180 days) is visa-free for most nationalities.', 'Families wanting a long-term Mexico base without frequent border runs', '{"playa-del-carmen","oaxaca"}') ON CONFLICT (id) DO UPDATE SET country=EXCLUDED.country, country_code=EXCLUDED.country_code, visa_name=EXCLUDED.visa_name, type=EXCLUDED.type, duration_days=EXCLUDED.duration_days, renewable=EXCLUDED.renewable, family_friendly=EXCLUDED.family_friendly, cost_eur=EXCLUDED.cost_eur, processing_days=EXCLUDED.processing_days, income_requirement=EXCLUDED.income_requirement, requirements=EXCLUDED.requirements, notes=EXCLUDED.notes, best_for=EXCLUDED.best_for, city_slugs=EXCLUDED.city_slugs;
INSERT INTO visas (id, country, country_code, visa_name, type, duration_days, renewable, family_friendly, cost_eur, processing_days, income_requirement, requirements, notes, best_for, city_slugs) VALUES ('v11', 'Hungary', 'HU', 'White Card (Guest Investor)', 'Digital Nomad', 365, true, true, 110, 30, 2000, '{"Proof of remote work or business","Health insurance","Clean criminal record","€250K bond (refundable)"}', 'Hungary''s digital nomad option requires a refundable bond but gives EU access. Schengen zone member.', 'Families wanting Schengen access with a Central European base', '{"budapest"}') ON CONFLICT (id) DO UPDATE SET country=EXCLUDED.country, country_code=EXCLUDED.country_code, visa_name=EXCLUDED.visa_name, type=EXCLUDED.type, duration_days=EXCLUDED.duration_days, renewable=EXCLUDED.renewable, family_friendly=EXCLUDED.family_friendly, cost_eur=EXCLUDED.cost_eur, processing_days=EXCLUDED.processing_days, income_requirement=EXCLUDED.income_requirement, requirements=EXCLUDED.requirements, notes=EXCLUDED.notes, best_for=EXCLUDED.best_for, city_slugs=EXCLUDED.city_slugs;
INSERT INTO visas (id, country, country_code, visa_name, type, duration_days, renewable, family_friendly, cost_eur, processing_days, income_requirement, requirements, notes, best_for, city_slugs) VALUES ('v12', 'South Africa', 'ZA', 'Visitor Visa (Remote Work)', 'Tourist', 90, true, true, 0, 0, 0, '{"Valid passport","Return ticket","Proof of accommodation"}', '90-day visa-free for many nationalities. South Africa doesn''t have a specific nomad visa yet, but 90-day tourist stays work for shorter family stints. Extensions possible.', 'Families wanting a 1-3 month adventure base', '{"cape-town"}') ON CONFLICT (id) DO UPDATE SET country=EXCLUDED.country, country_code=EXCLUDED.country_code, visa_name=EXCLUDED.visa_name, type=EXCLUDED.type, duration_days=EXCLUDED.duration_days, renewable=EXCLUDED.renewable, family_friendly=EXCLUDED.family_friendly, cost_eur=EXCLUDED.cost_eur, processing_days=EXCLUDED.processing_days, income_requirement=EXCLUDED.income_requirement, requirements=EXCLUDED.requirements, notes=EXCLUDED.notes, best_for=EXCLUDED.best_for, city_slugs=EXCLUDED.city_slugs;
INSERT INTO visas (id, country, country_code, visa_name, type, duration_days, renewable, family_friendly, cost_eur, processing_days, income_requirement, requirements, notes, best_for, city_slugs) VALUES ('v13', 'Serbia', 'RS', 'Visa-Free Entry', 'Tourist', 90, false, true, 0, 0, 0, '{"Valid passport from eligible country"}', '90-day visa-free for most nationalities. Serbia is also working on a digital nomad visa. Easy border runs to neighboring countries reset the counter.', 'Families wanting an affordable European base for short stints', '{"belgrade"}') ON CONFLICT (id) DO UPDATE SET country=EXCLUDED.country, country_code=EXCLUDED.country_code, visa_name=EXCLUDED.visa_name, type=EXCLUDED.type, duration_days=EXCLUDED.duration_days, renewable=EXCLUDED.renewable, family_friendly=EXCLUDED.family_friendly, cost_eur=EXCLUDED.cost_eur, processing_days=EXCLUDED.processing_days, income_requirement=EXCLUDED.income_requirement, requirements=EXCLUDED.requirements, notes=EXCLUDED.notes, best_for=EXCLUDED.best_for, city_slugs=EXCLUDED.city_slugs;
INSERT INTO visas (id, country, country_code, visa_name, type, duration_days, renewable, family_friendly, cost_eur, processing_days, income_requirement, requirements, notes, best_for, city_slugs) VALUES ('v14', 'Malaysia', 'MY', 'DE Rantau (Digital Nomad Pass)', 'Digital Nomad', 365, true, true, 200, 14, 2000, '{"Remote work proof","$24K/year income","Health insurance","IT/digital sector employment"}', 'Malaysia''s digital nomad program targets tech workers but is broadly interpreted. Includes dependents. Excellent value for families.', 'Tech-sector families wanting affordable Asian base with great schools', '{"penang"}') ON CONFLICT (id) DO UPDATE SET country=EXCLUDED.country, country_code=EXCLUDED.country_code, visa_name=EXCLUDED.visa_name, type=EXCLUDED.type, duration_days=EXCLUDED.duration_days, renewable=EXCLUDED.renewable, family_friendly=EXCLUDED.family_friendly, cost_eur=EXCLUDED.cost_eur, processing_days=EXCLUDED.processing_days, income_requirement=EXCLUDED.income_requirement, requirements=EXCLUDED.requirements, notes=EXCLUDED.notes, best_for=EXCLUDED.best_for, city_slugs=EXCLUDED.city_slugs;
INSERT INTO visas (id, country, country_code, visa_name, type, duration_days, renewable, family_friendly, cost_eur, processing_days, income_requirement, requirements, notes, best_for, city_slugs) VALUES ('v15', 'Guatemala', 'GT', 'Tourist Visa (CA-4)', 'Tourist', 90, true, true, 0, 0, 0, '{"Valid passport"}', 'CA-4 agreement allows 90 days across Guatemala, Honduras, El Salvador, and Nicaragua. Easy to extend or reset. Residency options available through investment.', 'Families seeking short-term Central American immersion', '{"antigua-guatemala"}') ON CONFLICT (id) DO UPDATE SET country=EXCLUDED.country, country_code=EXCLUDED.country_code, visa_name=EXCLUDED.visa_name, type=EXCLUDED.type, duration_days=EXCLUDED.duration_days, renewable=EXCLUDED.renewable, family_friendly=EXCLUDED.family_friendly, cost_eur=EXCLUDED.cost_eur, processing_days=EXCLUDED.processing_days, income_requirement=EXCLUDED.income_requirement, requirements=EXCLUDED.requirements, notes=EXCLUDED.notes, best_for=EXCLUDED.best_for, city_slugs=EXCLUDED.city_slugs;

-- HOMESCHOOL LAWS (21)
INSERT INTO homeschool_laws (country, country_code, status, summary, requirements, notes, popular_cities) VALUES ('Portugal', 'PT', 'Grey area', 'Homeschooling is technically legal but the process is bureaucratic and inconsistently enforced.', 'Must register with local school and follow Portuguese curriculum. Annual assessments required.', 'Many expat families homeschool without registering. The D7 visa does not require school enrollment proof. Worldschooling families generally operate in a grey area without issues.', '{"lisbon","porto","ericeira","nazare"}') ON CONFLICT (country_code) DO UPDATE SET status=EXCLUDED.status, summary=EXCLUDED.summary, requirements=EXCLUDED.requirements, notes=EXCLUDED.notes, popular_cities=EXCLUDED.popular_cities;
INSERT INTO homeschool_laws (country, country_code, status, summary, requirements, notes, popular_cities) VALUES ('Spain', 'ES', 'Legal with restrictions', 'Education is compulsory ages 6-16. Homeschooling is not explicitly legal but is tolerated in most regions.', 'Varies by autonomous community. Catalonia and Andalusia are most tolerant. Some regions require curriculum alignment.', 'Spain''s Digital Nomad Visa does not require school enrollment. International families rarely face enforcement. Valencia and Málaga have active homeschool communities.', '{"valencia","malaga","las-palmas"}') ON CONFLICT (country_code) DO UPDATE SET status=EXCLUDED.status, summary=EXCLUDED.summary, requirements=EXCLUDED.requirements, notes=EXCLUDED.notes, popular_cities=EXCLUDED.popular_cities;
INSERT INTO homeschool_laws (country, country_code, status, summary, requirements, notes, popular_cities) VALUES ('Thailand', 'TH', 'Grey area', 'Homeschooling is legal for Thai citizens with registration. Foreign families on tourist/education visas operate in a grey area.', 'Thai citizens must register with the Ministry of Education. Foreign families are not subject to Thai education law.', 'Chiang Mai has one of the world''s largest homeschool/worldschool family communities. No enforcement against foreign families.', '{"chiang-mai"}') ON CONFLICT (country_code) DO UPDATE SET status=EXCLUDED.status, summary=EXCLUDED.summary, requirements=EXCLUDED.requirements, notes=EXCLUDED.notes, popular_cities=EXCLUDED.popular_cities;
INSERT INTO homeschool_laws (country, country_code, status, summary, requirements, notes, popular_cities) VALUES ('Indonesia', 'ID', 'Grey area', 'Homeschooling is legal for Indonesian citizens. Foreign families are not subject to Indonesian education law.', 'Indonesian citizens must register. Foreign families operate outside the system.', 'Bali has a massive homeschool and alternative education scene. Green School and similar institutions blur the line between school and unschool.', '{"bali-canggu","ubud"}') ON CONFLICT (country_code) DO UPDATE SET status=EXCLUDED.status, summary=EXCLUDED.summary, requirements=EXCLUDED.requirements, notes=EXCLUDED.notes, popular_cities=EXCLUDED.popular_cities;
INSERT INTO homeschool_laws (country, country_code, status, summary, requirements, notes, popular_cities) VALUES ('Georgia', 'GE', 'Legal', 'Homeschooling is fully legal with minimal bureaucracy.', 'Register with the Ministry of Education. No curriculum requirements for foreign families.', 'Georgia''s 1-year visa-free policy makes it one of the easiest places to homeschool legally. Growing family community in Tbilisi.', '{"tbilisi"}') ON CONFLICT (country_code) DO UPDATE SET status=EXCLUDED.status, summary=EXCLUDED.summary, requirements=EXCLUDED.requirements, notes=EXCLUDED.notes, popular_cities=EXCLUDED.popular_cities;
INSERT INTO homeschool_laws (country, country_code, status, summary, requirements, notes, popular_cities) VALUES ('Colombia', 'CO', 'Legal', 'Homeschooling is legal and constitutionally protected.', 'No registration required. Families have full autonomy over curriculum.', 'Colombia''s digital nomad visa includes dependents. Medellín and Bogotá have active homeschool co-ops.', '{"medellin","bogota"}') ON CONFLICT (country_code) DO UPDATE SET status=EXCLUDED.status, summary=EXCLUDED.summary, requirements=EXCLUDED.requirements, notes=EXCLUDED.notes, popular_cities=EXCLUDED.popular_cities;
INSERT INTO homeschool_laws (country, country_code, status, summary, requirements, notes, popular_cities) VALUES ('Mexico', 'MX', 'Legal', 'Homeschooling is legal. Education is compulsory but can be fulfilled at home.', 'No formal registration. SEP (education ministry) provides free curriculum materials.', 'Mexico is one of the most homeschool-friendly countries in Latin America. Large worldschool communities in Oaxaca and Playa del Carmen.', '{"playa-del-carmen","oaxaca"}') ON CONFLICT (country_code) DO UPDATE SET status=EXCLUDED.status, summary=EXCLUDED.summary, requirements=EXCLUDED.requirements, notes=EXCLUDED.notes, popular_cities=EXCLUDED.popular_cities;
INSERT INTO homeschool_laws (country, country_code, status, summary, requirements, notes, popular_cities) VALUES ('Hungary', 'HU', 'Legal with restrictions', 'Homeschooling is legal but requires approval from the local government.', 'Must apply to the local education authority. Annual exams required. Curriculum must align with national standards.', 'Budapest has several international schools as alternatives. The approval process can be lengthy for non-Hungarian speakers.', '{"budapest"}') ON CONFLICT (country_code) DO UPDATE SET status=EXCLUDED.status, summary=EXCLUDED.summary, requirements=EXCLUDED.requirements, notes=EXCLUDED.notes, popular_cities=EXCLUDED.popular_cities;
INSERT INTO homeschool_laws (country, country_code, status, summary, requirements, notes, popular_cities) VALUES ('South Africa', 'ZA', 'Legal', 'Homeschooling is legal and well-established with a strong community.', 'Must register with the provincial education department. Parents must have at least a matric (Grade 12) qualification.', 'South Africa has one of Africa''s most developed homeschool ecosystems. Multiple curricula available including Cambridge and IEB.', '{"cape-town"}') ON CONFLICT (country_code) DO UPDATE SET status=EXCLUDED.status, summary=EXCLUDED.summary, requirements=EXCLUDED.requirements, notes=EXCLUDED.notes, popular_cities=EXCLUDED.popular_cities;
INSERT INTO homeschool_laws (country, country_code, status, summary, requirements, notes, popular_cities) VALUES ('Malaysia', 'MY', 'Legal', 'Homeschooling is legal and growing rapidly.', 'Must register with the Ministry of Education. Foreign families on MM2H or similar visas can homeschool freely.', 'Penang has a strong English-speaking homeschool community. Many families combine homeschool with part-time international school enrollment.', '{"penang"}') ON CONFLICT (country_code) DO UPDATE SET status=EXCLUDED.status, summary=EXCLUDED.summary, requirements=EXCLUDED.requirements, notes=EXCLUDED.notes, popular_cities=EXCLUDED.popular_cities;
INSERT INTO homeschool_laws (country, country_code, status, summary, requirements, notes, popular_cities) VALUES ('Japan', 'JP', 'Grey area', 'School attendance is compulsory for Japanese citizens ages 6-15. Foreign residents are not legally required to attend school.', 'Japanese citizens must enroll. Foreign families can choose to homeschool without penalty.', 'The system is strict for Japanese families but accommodating of foreigners. International schools in Kyoto and Tokyo are alternatives.', '{"kyoto"}') ON CONFLICT (country_code) DO UPDATE SET status=EXCLUDED.status, summary=EXCLUDED.summary, requirements=EXCLUDED.requirements, notes=EXCLUDED.notes, popular_cities=EXCLUDED.popular_cities;
INSERT INTO homeschool_laws (country, country_code, status, summary, requirements, notes, popular_cities) VALUES ('Romania', 'RO', 'Legal', 'Homeschooling has been legal since 2020 with registration.', 'Must register with the school inspectorate. Annual evaluations required.', 'A recent legal change made Romania more accessible for homeschooling families. Bucharest has growing expat interest.', '{"bucharest"}') ON CONFLICT (country_code) DO UPDATE SET status=EXCLUDED.status, summary=EXCLUDED.summary, requirements=EXCLUDED.requirements, notes=EXCLUDED.notes, popular_cities=EXCLUDED.popular_cities;
INSERT INTO homeschool_laws (country, country_code, status, summary, requirements, notes, popular_cities) VALUES ('Brazil', 'BR', 'Legal with restrictions', 'Homeschooling was legalized in 2024 after years of legal ambiguity.', 'Must register with the local education secretariat. Annual assessments aligned with national curriculum.', 'Implementation varies by state. Florianópolis and Porto Alegre have active alternative education communities.', '{"florianopolis","porto-alegre"}') ON CONFLICT (country_code) DO UPDATE SET status=EXCLUDED.status, summary=EXCLUDED.summary, requirements=EXCLUDED.requirements, notes=EXCLUDED.notes, popular_cities=EXCLUDED.popular_cities;
INSERT INTO homeschool_laws (country, country_code, status, summary, requirements, notes, popular_cities) VALUES ('Costa Rica', 'CR', 'Legal', 'Homeschooling is legal. Education is compulsory but method is flexible.', 'No formal registration for homeschooling. MEP (education ministry) provides curriculum guidelines.', 'Santa Teresa and the Pacific coast have established surf-and-homeschool family communities.', '{"santa-teresa"}') ON CONFLICT (country_code) DO UPDATE SET status=EXCLUDED.status, summary=EXCLUDED.summary, requirements=EXCLUDED.requirements, notes=EXCLUDED.notes, popular_cities=EXCLUDED.popular_cities;
INSERT INTO homeschool_laws (country, country_code, status, summary, requirements, notes, popular_cities) VALUES ('Guatemala', 'GT', 'Legal', 'Homeschooling is legal with minimal oversight.', 'No registration required for foreign families. Guatemalan families must register with MINEDUC.', 'Antigua has one of Central America''s strongest expat homeschool communities. Spanish immersion is a major draw.', '{"antigua-guatemala"}') ON CONFLICT (country_code) DO UPDATE SET status=EXCLUDED.status, summary=EXCLUDED.summary, requirements=EXCLUDED.requirements, notes=EXCLUDED.notes, popular_cities=EXCLUDED.popular_cities;
INSERT INTO homeschool_laws (country, country_code, status, summary, requirements, notes, popular_cities) VALUES ('Serbia', 'RS', 'Grey area', 'Education is compulsory ages 6-15. Homeschooling is not explicitly addressed in law.', 'No formal process exists. Foreign families typically operate outside the system.', 'Belgrade''s growing digital nomad community includes homeschooling families. No known enforcement against foreign families.', '{"belgrade"}') ON CONFLICT (country_code) DO UPDATE SET status=EXCLUDED.status, summary=EXCLUDED.summary, requirements=EXCLUDED.requirements, notes=EXCLUDED.notes, popular_cities=EXCLUDED.popular_cities;
INSERT INTO homeschool_laws (country, country_code, status, summary, requirements, notes, popular_cities) VALUES ('Montenegro', 'ME', 'Grey area', 'Similar to Serbia — compulsory education law exists but homeschooling is not addressed.', 'No formal process. Foreign families operate without registration.', 'Kotor attracts families for short stays. No known issues with homeschooling.', '{"kotor"}') ON CONFLICT (country_code) DO UPDATE SET status=EXCLUDED.status, summary=EXCLUDED.summary, requirements=EXCLUDED.requirements, notes=EXCLUDED.notes, popular_cities=EXCLUDED.popular_cities;
INSERT INTO homeschool_laws (country, country_code, status, summary, requirements, notes, popular_cities) VALUES ('Greece', 'GR', 'Legal with restrictions', 'Homeschooling is technically possible but requires significant bureaucratic effort.', 'Must petition the local education authority. Approval is granted on a case-by-case basis.', 'Most island families (Lefkada etc.) homeschool informally. Enforcement is minimal outside Athens.', '{"lefkada"}') ON CONFLICT (country_code) DO UPDATE SET status=EXCLUDED.status, summary=EXCLUDED.summary, requirements=EXCLUDED.requirements, notes=EXCLUDED.notes, popular_cities=EXCLUDED.popular_cities;
INSERT INTO homeschool_laws (country, country_code, status, summary, requirements, notes, popular_cities) VALUES ('Bulgaria', 'BG', 'Legal', 'Homeschooling (independent learning) is legal since 2016.', 'Must register with a school that oversees the homeschooling. Annual exams required.', 'Bansko''s nomad community includes many homeschooling families. Low cost makes it attractive for long stays.', '{"bansko"}') ON CONFLICT (country_code) DO UPDATE SET status=EXCLUDED.status, summary=EXCLUDED.summary, requirements=EXCLUDED.requirements, notes=EXCLUDED.notes, popular_cities=EXCLUDED.popular_cities;
INSERT INTO homeschool_laws (country, country_code, status, summary, requirements, notes, popular_cities) VALUES ('Ecuador', 'EC', 'Legal', 'Homeschooling is legal and recognized by the Ministry of Education.', 'Must register with the local education office. Flexible on curriculum.', 'Ecuador''s low cost of living and visa-friendly policies make it attractive. Montañita is very informal.', '{"montanita"}') ON CONFLICT (country_code) DO UPDATE SET status=EXCLUDED.status, summary=EXCLUDED.summary, requirements=EXCLUDED.requirements, notes=EXCLUDED.notes, popular_cities=EXCLUDED.popular_cities;
INSERT INTO homeschool_laws (country, country_code, status, summary, requirements, notes, popular_cities) VALUES ('Bosnia and Herzegovina', 'BA', 'Grey area', 'Education is compulsory but homeschooling is not explicitly regulated.', 'No formal process exists for homeschooling.', 'Sarajevo has a small but growing international family presence. No enforcement against foreign families.', '{"sarajevo"}') ON CONFLICT (country_code) DO UPDATE SET status=EXCLUDED.status, summary=EXCLUDED.summary, requirements=EXCLUDED.requirements, notes=EXCLUDED.notes, popular_cities=EXCLUDED.popular_cities;

COMMIT;
